datetime,weapon,value
1/2/15,Explosives/Bombs/Dynamite,16
1/2/15,Firearms,13
1/2/15,Incendiary,1
1/2/15,Melee,1
1/2/15,Unknown,3
1/3/15,Explosives/Bombs/Dynamite,21
1/3/15,Firearms,18
1/3/15,Incendiary,2
1/3/15,Unknown,3
1/4/15,Explosives/Bombs/Dynamite,29
1/4/15,Firearms,12
1/4/15,Incendiary,1
1/4/15,Melee,1
1/4/15,Unknown,5
1/5/15,Explosives/Bombs/Dynamite,22
1/5/15,Firearms,5
1/5/15,Incendiary,3
1/5/15,Melee,1
1/5/15,Unknown,12
1/6/15,Explosives/Bombs/Dynamite,13
1/6/15,Firearms,12
1/6/15,Incendiary,3
1/6/15,Unknown,3
1/7/15,Explosives/Bombs/Dynamite,39
1/7/15,Firearms,16
1/7/15,Incendiary,2
1/7/15,Unknown,1
1/8/15,Explosives/Bombs/Dynamite,40
1/8/15,Firearms,13
1/8/15,Incendiary,4
1/8/15,Melee,2
1/8/15,Sabotage Equipment,1
1/8/15,Unknown,2
1/9/15,Explosives/Bombs/Dynamite,23
1/9/15,Firearms,13
1/9/15,Incendiary,1
1/9/15,Unknown,3
1/10/15,Explosives/Bombs/Dynamite,33
1/10/15,Firearms,15
1/10/15,Incendiary,6
1/10/15,Sabotage Equipment,1
1/10/15,Unknown,6
1/11/15,Explosives/Bombs/Dynamite,22
1/11/15,Firearms,14
1/11/15,Incendiary,6
1/11/15,Unknown,2
1/12/15,Chemical,1
1/12/15,Explosives/Bombs/Dynamite,37
1/12/15,Firearms,9
1/12/15,Incendiary,2
1/12/15,Unknown,3
1/13/15,Explosives/Bombs/Dynamite,34
1/13/15,Firearms,10
1/13/15,Incendiary,4
1/13/15,Melee,1
1/13/15,Unknown,1
1/14/15,Explosives/Bombs/Dynamite,44
1/14/15,Firearms,11
1/14/15,Incendiary,3
1/14/15,Melee,1
1/15/15,Explosives/Bombs/Dynamite,44
1/15/15,Firearms,9
1/15/15,Incendiary,3
1/15/15,Melee,1
1/15/15,Unknown,5
1/16/15,Explosives/Bombs/Dynamite,27
1/16/15,Firearms,14
1/16/15,Incendiary,1
1/16/15,Unknown,1
1/17/15,Explosives/Bombs/Dynamite,23
1/17/15,Firearms,7
1/17/15,Incendiary,5
1/17/15,Unknown,6
1/18/15,Explosives/Bombs/Dynamite,28
1/18/15,Firearms,17
1/19/15,Explosives/Bombs/Dynamite,33
1/19/15,Firearms,11
1/19/15,Incendiary,3
1/19/15,Unknown,2
1/20/15,Explosives/Bombs/Dynamite,37
1/20/15,Firearms,14
1/20/15,Incendiary,3
1/20/15,Melee,2
1/20/15,Unknown,5
1/21/15,Explosives/Bombs/Dynamite,27
1/21/15,Firearms,4
1/21/15,Incendiary,3
1/21/15,Melee,1
1/21/15,Unknown,5
1/22/15,Explosives/Bombs/Dynamite,32
1/22/15,Firearms,3
1/22/15,Incendiary,3
1/22/15,Unknown,3
1/23/15,Explosives/Bombs/Dynamite,21
1/23/15,Firearms,6
1/23/15,Incendiary,2
1/23/15,Melee,1
1/23/15,Unknown,3
1/24/15,Explosives/Bombs/Dynamite,26
1/24/15,Firearms,5
1/24/15,Incendiary,8
1/24/15,Melee,1
1/24/15,Unknown,11
1/25/15,Explosives/Bombs/Dynamite,34
1/25/15,Firearms,17
1/25/15,Incendiary,2
1/25/15,Melee,1
1/25/15,Sabotage Equipment,2
1/25/15,Unknown,10
1/26/15,Explosives/Bombs/Dynamite,27
1/26/15,Firearms,19
1/26/15,Incendiary,2
1/26/15,Sabotage Equipment,1
1/26/15,Unknown,5
1/27/15,Explosives/Bombs/Dynamite,39
1/27/15,Firearms,7
1/27/15,Incendiary,7
1/27/15,Unknown,5
1/28/15,Explosives/Bombs/Dynamite,28
1/28/15,Firearms,5
1/28/15,Incendiary,5
1/28/15,Unknown,8
1/29/15,Explosives/Bombs/Dynamite,35
1/29/15,Firearms,8
1/29/15,Incendiary,3
1/29/15,Unknown,2
1/30/15,Explosives/Bombs/Dynamite,40
1/30/15,Firearms,20
1/30/15,Incendiary,4
1/30/15,Unknown,7
1/31/15,Explosives/Bombs/Dynamite,26
1/31/15,Firearms,9
1/31/15,Incendiary,3
1/31/15,Melee,2
1/31/15,Unknown,4
2/1/15,Explosives/Bombs/Dynamite,34
2/1/15,Firearms,9
2/1/15,Unknown,8
2/2/15,Explosives/Bombs/Dynamite,23
2/2/15,Firearms,12
2/2/15,Sabotage Equipment,1
2/2/15,Unknown,4
2/3/15,Explosives/Bombs/Dynamite,40
2/3/15,Firearms,16
2/3/15,Incendiary,4
2/3/15,Melee,1
2/3/15,Unknown,5
2/4/15,Explosives/Bombs/Dynamite,24
2/4/15,Firearms,11
2/4/15,Incendiary,3
2/4/15,Melee,1
2/4/15,Unknown,7
2/5/15,Explosives/Bombs/Dynamite,23
2/5/15,Firearms,15
2/5/15,Incendiary,2
2/5/15,Unknown,1
2/6/15,Explosives/Bombs/Dynamite,23
2/6/15,Firearms,12
2/6/15,Incendiary,2
2/6/15,Unknown,4
2/7/15,Explosives/Bombs/Dynamite,33
2/7/15,Firearms,3
2/7/15,Incendiary,3
2/7/15,Unknown,4
2/8/15,Explosives/Bombs/Dynamite,34
2/8/15,Firearms,5
2/8/15,Incendiary,2
2/8/15,Melee,1
2/8/15,Unknown,8
2/9/15,Explosives/Bombs/Dynamite,16
2/9/15,Firearms,37
2/9/15,Incendiary,1
2/9/15,Unknown,2
2/10/15,Explosives/Bombs/Dynamite,47
2/10/15,Firearms,10
2/10/15,Incendiary,3
2/10/15,Unknown,4
2/11/15,Explosives/Bombs/Dynamite,34
2/11/15,Firearms,10
2/11/15,Incendiary,3
2/11/15,Unknown,3
2/12/15,Explosives/Bombs/Dynamite,51
2/12/15,Firearms,13
2/12/15,Incendiary,6
2/12/15,Unknown,2
2/13/15,Explosives/Bombs/Dynamite,26
2/13/15,Firearms,17
2/13/15,Incendiary,1
2/13/15,Melee,1
2/13/15,Sabotage Equipment,1
2/14/15,Explosives/Bombs/Dynamite,24
2/14/15,Firearms,16
2/14/15,Incendiary,2
2/14/15,Unknown,9
2/15/15,Explosives/Bombs/Dynamite,46
2/15/15,Firearms,11
2/15/15,Incendiary,3
2/15/15,Unknown,3
2/16/15,Explosives/Bombs/Dynamite,24
2/16/15,Firearms,15
2/16/15,Incendiary,3
2/16/15,Melee,1
2/16/15,Unknown,2
2/17/15,Explosives/Bombs/Dynamite,33
2/17/15,Firearms,9
2/17/15,Incendiary,3
2/17/15,Unknown,3
2/18/15,Explosives/Bombs/Dynamite,19
2/18/15,Firearms,11
2/18/15,Incendiary,1
2/18/15,Unknown,4
2/19/15,Explosives/Bombs/Dynamite,21
2/19/15,Firearms,13
2/19/15,Incendiary,2
2/19/15,Sabotage Equipment,1
2/19/15,Unknown,3
2/20/15,Explosives/Bombs/Dynamite,26
2/20/15,Firearms,3
2/20/15,Incendiary,1
2/20/15,Melee,1
2/20/15,Unknown,3
2/21/15,Explosives/Bombs/Dynamite,23
2/21/15,Firearms,9
2/21/15,Incendiary,1
2/21/15,Unknown,3
2/22/15,Explosives/Bombs/Dynamite,27
2/22/15,Firearms,5
2/22/15,Incendiary,1
2/22/15,Melee,1
2/22/15,Unknown,3
2/23/15,Explosives/Bombs/Dynamite,16
2/23/15,Firearms,12
2/23/15,Incendiary,2
2/23/15,Melee,1
2/23/15,Unknown,3
2/24/15,Explosives/Bombs/Dynamite,38
2/24/15,Firearms,5
2/24/15,Incendiary,2
2/24/15,Melee,1
2/24/15,Unknown,1
2/25/15,Explosives/Bombs/Dynamite,28
2/25/15,Firearms,8
2/25/15,Incendiary,1
2/25/15,Unknown,1
2/26/15,Explosives/Bombs/Dynamite,28
2/26/15,Firearms,8
2/26/15,Incendiary,2
2/26/15,Melee,2
2/27/15,Explosives/Bombs/Dynamite,22
2/27/15,Firearms,6
2/27/15,Incendiary,1
2/27/15,Unknown,5
2/28/15,Explosives/Bombs/Dynamite,25
2/28/15,Firearms,12
2/28/15,Incendiary,3
2/28/15,Unknown,4
3/1/15,Explosives/Bombs/Dynamite,22
3/1/15,Firearms,11
3/1/15,Unknown,1
3/2/15,Explosives/Bombs/Dynamite,37
3/2/15,Firearms,7
3/2/15,Incendiary,2
3/2/15,Unknown,2
3/3/15,Explosives/Bombs/Dynamite,30
3/3/15,Firearms,12
3/3/15,Incendiary,1
3/3/15,Unknown,2
3/4/15,Explosives/Bombs/Dynamite,17
3/4/15,Firearms,10
3/4/15,Incendiary,1
3/4/15,Unknown,1
3/5/15,Explosives/Bombs/Dynamite,20
3/5/15,Firearms,9
3/5/15,Incendiary,3
3/5/15,Melee,2
3/5/15,Unknown,6
3/5/15,"Vehicle (not to include vehicle-borne explosives, i.e., car or truck bombs)",1
3/6/15,Explosives/Bombs/Dynamite,21
3/6/15,Firearms,6
3/6/15,Melee,2
3/7/15,Explosives/Bombs/Dynamite,36
3/7/15,Firearms,6
3/7/15,Incendiary,3
3/7/15,Melee,1
3/7/15,Unknown,1
3/8/15,Explosives/Bombs/Dynamite,33
3/8/15,Firearms,6
3/8/15,Incendiary,1
3/8/15,Melee,1
3/8/15,Unknown,2
3/9/15,Explosives/Bombs/Dynamite,27
3/9/15,Firearms,7
3/9/15,Incendiary,3
3/9/15,Melee,1
3/9/15,Unknown,4
3/10/15,Explosives/Bombs/Dynamite,28
3/10/15,Firearms,22
3/10/15,Incendiary,4
3/10/15,Melee,2
3/10/15,Unknown,2
3/11/15,Explosives/Bombs/Dynamite,31
3/11/15,Firearms,10
3/11/15,Incendiary,1
3/11/15,Unknown,3
3/12/15,Explosives/Bombs/Dynamite,20
3/12/15,Firearms,9
3/12/15,Incendiary,2
3/12/15,Unknown,3
3/13/15,Explosives/Bombs/Dynamite,18
3/13/15,Firearms,2
3/13/15,Unknown,2
3/14/15,Explosives/Bombs/Dynamite,19
3/14/15,Firearms,4
3/14/15,Incendiary,1
3/14/15,Unknown,1
3/15/15,Explosives/Bombs/Dynamite,26
3/15/15,Firearms,10
3/15/15,Incendiary,2
3/15/15,Melee,1
3/15/15,Unknown,2
3/16/15,Explosives/Bombs/Dynamite,21
3/16/15,Firearms,6
3/16/15,Incendiary,2
3/16/15,Unknown,2
3/17/15,Explosives/Bombs/Dynamite,22
3/17/15,Firearms,4
3/17/15,Incendiary,1
3/17/15,Unknown,3
3/18/15,Explosives/Bombs/Dynamite,17
3/18/15,Firearms,12
3/18/15,Incendiary,1
3/18/15,Unknown,2
3/19/15,Explosives/Bombs/Dynamite,25
3/19/15,Firearms,12
3/19/15,Incendiary,4
3/19/15,Melee,1
3/19/15,Unknown,1
3/20/15,Explosives/Bombs/Dynamite,25
3/20/15,Firearms,4
3/20/15,Incendiary,2
3/20/15,Unknown,6
3/21/15,Explosives/Bombs/Dynamite,18
3/21/15,Firearms,13
3/21/15,Unknown,5
3/22/15,Explosives/Bombs/Dynamite,34
3/22/15,Firearms,10
3/22/15,Unknown,7
3/23/15,Explosives/Bombs/Dynamite,22
3/23/15,Firearms,12
3/23/15,Incendiary,3
3/23/15,Other,1
3/23/15,Unknown,2
3/24/15,Explosives/Bombs/Dynamite,28
3/24/15,Firearms,12
3/24/15,Unknown,8
3/25/15,Explosives/Bombs/Dynamite,22
3/25/15,Firearms,7
3/25/15,Incendiary,3
3/25/15,Melee,1
3/25/15,Unknown,3
3/26/15,Explosives/Bombs/Dynamite,16
3/26/15,Firearms,12
3/26/15,Unknown,3
3/27/15,Explosives/Bombs/Dynamite,14
3/27/15,Firearms,7
3/27/15,Unknown,3
3/28/15,Explosives/Bombs/Dynamite,9
3/28/15,Firearms,19
3/28/15,Unknown,3
3/29/15,Explosives/Bombs/Dynamite,13
3/29/15,Firearms,17
3/29/15,Incendiary,1
3/29/15,Unknown,2
3/30/15,Explosives/Bombs/Dynamite,23
3/30/15,Firearms,19
3/30/15,Incendiary,1
3/30/15,Melee,2
3/30/15,Unknown,4
3/31/15,Explosives/Bombs/Dynamite,13
3/31/15,Firearms,20
3/31/15,Incendiary,2
3/31/15,Unknown,2
4/1/15,Explosives/Bombs/Dynamite,14
4/1/15,Firearms,14
4/1/15,Incendiary,1
4/1/15,Unknown,8
4/2/15,Explosives/Bombs/Dynamite,38
4/2/15,Firearms,7
4/2/15,Incendiary,4
4/2/15,Melee,1
4/2/15,Unknown,6
4/3/15,Explosives/Bombs/Dynamite,16
4/3/15,Firearms,11
4/3/15,Incendiary,2
4/3/15,Unknown,6
4/4/15,Explosives/Bombs/Dynamite,18
4/4/15,Firearms,15
4/4/15,Incendiary,1
4/4/15,Melee,1
4/4/15,Unknown,4
4/5/15,Explosives/Bombs/Dynamite,26
4/5/15,Firearms,9
4/5/15,Incendiary,2
4/5/15,Melee,1
4/5/15,Unknown,6
4/6/15,Explosives/Bombs/Dynamite,27
4/6/15,Firearms,16
4/6/15,Incendiary,1
4/7/15,Explosives/Bombs/Dynamite,12
4/7/15,Firearms,4
4/7/15,Incendiary,1
4/7/15,Unknown,7
4/8/15,Explosives/Bombs/Dynamite,17
4/8/15,Firearms,8
4/8/15,Incendiary,1
4/8/15,Melee,1
4/8/15,Unknown,2
4/9/15,Explosives/Bombs/Dynamite,6
4/9/15,Firearms,4
4/9/15,Incendiary,2
4/9/15,Melee,2
4/9/15,Unknown,4
4/10/15,Explosives/Bombs/Dynamite,23
4/10/15,Firearms,8
4/10/15,Incendiary,2
4/10/15,Unknown,5
4/11/15,Chemical,1
4/11/15,Explosives/Bombs/Dynamite,18
4/11/15,Firearms,18
4/12/15,Explosives/Bombs/Dynamite,22
4/12/15,Firearms,11
4/12/15,Incendiary,1
4/12/15,Unknown,6
4/13/15,Explosives/Bombs/Dynamite,27
4/13/15,Firearms,15
4/13/15,Incendiary,2
4/13/15,Unknown,17
4/14/15,Explosives/Bombs/Dynamite,27
4/14/15,Firearms,7
4/14/15,Incendiary,1
4/14/15,Melee,1
4/14/15,Unknown,3
4/15/15,Explosives/Bombs/Dynamite,21
4/15/15,Firearms,11
4/15/15,Melee,1
4/15/15,Unknown,10
4/15/15,"Vehicle (not to include vehicle-borne explosives, i.e., car or truck bombs)",1
4/16/15,Explosives/Bombs/Dynamite,17
4/16/15,Firearms,14
4/16/15,Incendiary,1
4/16/15,Melee,1
4/16/15,Unknown,1
4/17/15,Explosives/Bombs/Dynamite,30
4/17/15,Firearms,7
4/17/15,Incendiary,3
4/17/15,Melee,2
4/18/15,Explosives/Bombs/Dynamite,27
4/18/15,Firearms,8
4/18/15,Unknown,2
4/19/15,Explosives/Bombs/Dynamite,17
4/19/15,Firearms,6
4/19/15,Unknown,4
4/20/15,Explosives/Bombs/Dynamite,23
4/20/15,Firearms,6
4/20/15,Melee,5
4/20/15,Unknown,1
4/21/15,Explosives/Bombs/Dynamite,32
4/21/15,Firearms,12
4/21/15,Incendiary,3
4/21/15,Melee,1
4/21/15,Unknown,2
4/22/15,Explosives/Bombs/Dynamite,18
4/22/15,Firearms,7
4/22/15,Incendiary,2
4/22/15,Unknown,1
4/23/15,Explosives/Bombs/Dynamite,17
4/23/15,Firearms,7
4/23/15,Unknown,8
4/24/15,Explosives/Bombs/Dynamite,26
4/24/15,Firearms,32
4/24/15,Melee,2
4/24/15,Unknown,4
4/25/15,Explosives/Bombs/Dynamite,24
4/25/15,Firearms,14
4/25/15,Melee,2
4/25/15,Unknown,4
4/25/15,"Vehicle (not to include vehicle-borne explosives, i.e., car or truck bombs)",1
4/26/15,Explosives/Bombs/Dynamite,37
4/26/15,Firearms,16
4/26/15,Incendiary,1
4/26/15,Other,1
4/26/15,Unknown,6
4/27/15,Explosives/Bombs/Dynamite,28
4/27/15,Firearms,15
4/27/15,Incendiary,2
4/27/15,Unknown,6
4/28/15,Explosives/Bombs/Dynamite,21
4/28/15,Firearms,6
4/28/15,Incendiary,1
4/28/15,Unknown,11
4/29/15,Explosives/Bombs/Dynamite,20
4/29/15,Firearms,9
4/29/15,Incendiary,2
4/29/15,Melee,1
4/29/15,Unknown,5
4/30/15,Explosives/Bombs/Dynamite,24
4/30/15,Firearms,13
4/30/15,Incendiary,2
4/30/15,Unknown,4
5/1/15,Explosives/Bombs/Dynamite,18
5/1/15,Firearms,12
5/1/15,Melee,1
5/1/15,Unknown,3
5/2/15,Explosives/Bombs/Dynamite,23
5/2/15,Firearms,6
5/2/15,Unknown,1
5/3/15,Explosives/Bombs/Dynamite,24
5/3/15,Firearms,34
5/3/15,Incendiary,2
5/3/15,Melee,2
5/3/15,Unknown,1
5/4/15,Explosives/Bombs/Dynamite,27
5/4/15,Firearms,15
5/4/15,Incendiary,1
5/4/15,Melee,1
5/4/15,Unknown,5
5/5/15,Explosives/Bombs/Dynamite,31
5/5/15,Firearms,6
5/5/15,Incendiary,1
5/5/15,Unknown,3
5/6/15,Explosives/Bombs/Dynamite,20
5/6/15,Firearms,12
5/6/15,Incendiary,3
5/6/15,Unknown,3
5/7/15,Explosives/Bombs/Dynamite,22
5/7/15,Firearms,13
5/7/15,Incendiary,2
5/7/15,Melee,1
5/7/15,Unknown,3
5/8/15,Explosives/Bombs/Dynamite,11
5/8/15,Firearms,19
5/8/15,Incendiary,1
5/8/15,Melee,1
5/8/15,Sabotage Equipment,1
5/8/15,Unknown,1
5/9/15,Explosives/Bombs/Dynamite,14
5/9/15,Firearms,14
5/9/15,Incendiary,1
5/9/15,Melee,1
5/9/15,Unknown,4
5/10/15,Explosives/Bombs/Dynamite,24
5/10/15,Firearms,10
5/10/15,Incendiary,2
5/10/15,Melee,1
5/10/15,Unknown,4
5/11/15,Explosives/Bombs/Dynamite,21
5/11/15,Firearms,11
5/11/15,Unknown,5
5/12/15,Explosives/Bombs/Dynamite,26
5/12/15,Firearms,12
5/12/15,Melee,1
5/12/15,Unknown,5
5/13/15,Explosives/Bombs/Dynamite,23
5/13/15,Firearms,15
5/13/15,Melee,4
5/13/15,Unknown,4
5/14/15,Explosives/Bombs/Dynamite,31
5/14/15,Firearms,14
5/14/15,Melee,1
5/14/15,Unknown,2
5/14/15,"Vehicle (not to include vehicle-borne explosives, i.e., car or truck bombs)",1
5/15/15,Explosives/Bombs/Dynamite,15
5/15/15,Firearms,7
5/15/15,Incendiary,1
5/15/15,Melee,5
5/15/15,Unknown,4
5/16/15,Explosives/Bombs/Dynamite,30
5/16/15,Firearms,12
5/16/15,Incendiary,2
5/16/15,Melee,1
5/16/15,Unknown,4
5/17/15,Explosives/Bombs/Dynamite,23
5/17/15,Firearms,6
5/17/15,Incendiary,1
5/17/15,Unknown,3
5/18/15,Explosives/Bombs/Dynamite,14
5/18/15,Firearms,21
5/18/15,Melee,1
5/18/15,Unknown,5
5/19/15,Explosives/Bombs/Dynamite,21
5/19/15,Firearms,18
5/19/15,Melee,1
5/20/15,Explosives/Bombs/Dynamite,13
5/20/15,Firearms,13
5/20/15,Melee,7
5/20/15,Unknown,8
5/20/15,"Vehicle (not to include vehicle-borne explosives, i.e., car or truck bombs)",1
5/21/15,Explosives/Bombs/Dynamite,18
5/21/15,Firearms,18
5/21/15,Unknown,5
5/22/15,Explosives/Bombs/Dynamite,21
5/22/15,Firearms,13
5/22/15,Melee,1
5/22/15,Unknown,6
5/23/15,Explosives/Bombs/Dynamite,23
5/23/15,Firearms,9
5/23/15,Incendiary,1
5/23/15,Melee,2
5/23/15,Unknown,3
5/24/15,Explosives/Bombs/Dynamite,22
5/24/15,Firearms,24
5/24/15,Incendiary,2
5/24/15,Unknown,2
5/25/15,Explosives/Bombs/Dynamite,21
5/25/15,Firearms,24
5/25/15,Incendiary,3
5/25/15,Melee,4
5/25/15,Unknown,3
5/26/15,Explosives/Bombs/Dynamite,30
5/26/15,Firearms,9
5/26/15,Unknown,2
5/27/15,Explosives/Bombs/Dynamite,19
5/27/15,Firearms,9
5/27/15,Unknown,4
5/28/15,Explosives/Bombs/Dynamite,24
5/28/15,Firearms,10
5/28/15,Incendiary,1
5/28/15,Unknown,5
5/29/15,Explosives/Bombs/Dynamite,29
5/29/15,Firearms,18
5/29/15,Unknown,7
5/30/15,Explosives/Bombs/Dynamite,34
5/30/15,Firearms,10
5/30/15,Incendiary,3
5/30/15,Melee,1
5/30/15,Unknown,11
5/31/15,Explosives/Bombs/Dynamite,27
5/31/15,Firearms,10
5/31/15,Incendiary,1
5/31/15,Unknown,2
6/1/15,Explosives/Bombs/Dynamite,20
6/1/15,Firearms,8
6/1/15,Unknown,7
6/2/15,Explosives/Bombs/Dynamite,14
6/2/15,Firearms,9
6/2/15,Incendiary,1
6/2/15,Melee,1
6/2/15,Unknown,5
6/3/15,Explosives/Bombs/Dynamite,23
6/3/15,Firearms,20
6/3/15,Unknown,4
6/4/15,Explosives/Bombs/Dynamite,23
6/4/15,Firearms,5
6/4/15,Unknown,5
6/5/15,Explosives/Bombs/Dynamite,20
6/5/15,Firearms,4
6/5/15,Incendiary,1
6/6/15,Explosives/Bombs/Dynamite,35
6/6/15,Firearms,9
6/6/15,Incendiary,1
6/6/15,Unknown,8
6/7/15,Explosives/Bombs/Dynamite,17
6/7/15,Firearms,24
6/7/15,Incendiary,3
6/7/15,Unknown,4
6/8/15,Explosives/Bombs/Dynamite,13
6/8/15,Firearms,15
6/8/15,Unknown,2
6/9/15,Chemical,2
6/9/15,Explosives/Bombs/Dynamite,16
6/9/15,Firearms,9
6/9/15,Incendiary,2
6/9/15,Melee,2
6/9/15,Unknown,6
6/10/15,Chemical,1
6/10/15,Explosives/Bombs/Dynamite,16
6/10/15,Firearms,21
6/10/15,Unknown,3
6/11/15,Explosives/Bombs/Dynamite,23
6/11/15,Firearms,9
6/11/15,Incendiary,1
6/11/15,Unknown,3
6/12/15,Explosives/Bombs/Dynamite,12
6/12/15,Firearms,16
6/12/15,Incendiary,1
6/12/15,Unknown,4
6/13/15,Explosives/Bombs/Dynamite,24
6/13/15,Firearms,8
6/13/15,Unknown,4
6/14/15,Explosives/Bombs/Dynamite,21
6/14/15,Firearms,7
6/14/15,Melee,1
6/14/15,Unknown,2
6/15/15,Explosives/Bombs/Dynamite,39
6/15/15,Firearms,14
6/15/15,Incendiary,2
6/15/15,Unknown,3
6/16/15,Explosives/Bombs/Dynamite,29
6/16/15,Firearms,16
6/16/15,Incendiary,4
6/16/15,Unknown,3
6/17/15,Explosives/Bombs/Dynamite,34
6/17/15,Firearms,12
6/17/15,Incendiary,1
6/17/15,Melee,1
6/17/15,Unknown,5
6/18/15,Explosives/Bombs/Dynamite,18
6/18/15,Firearms,10
6/18/15,Incendiary,2
6/18/15,Unknown,3
6/19/15,Explosives/Bombs/Dynamite,17
6/19/15,Firearms,6
6/19/15,Incendiary,1
6/19/15,Unknown,2
6/20/15,Explosives/Bombs/Dynamite,15
6/20/15,Firearms,9
6/20/15,Unknown,2
6/21/15,Explosives/Bombs/Dynamite,29
6/21/15,Firearms,8
6/21/15,Melee,1
6/21/15,Unknown,1
6/22/15,Explosives/Bombs/Dynamite,21
6/22/15,Firearms,15
6/22/15,Incendiary,1
6/22/15,Unknown,8
6/23/15,Explosives/Bombs/Dynamite,21
6/23/15,Firearms,9
6/23/15,Incendiary,4
6/23/15,Unknown,4
6/24/15,Explosives/Bombs/Dynamite,21
6/24/15,Firearms,6
6/24/15,Incendiary,2
6/24/15,Unknown,3
6/25/15,Explosives/Bombs/Dynamite,22
6/25/15,Firearms,13
6/25/15,Unknown,1
6/26/15,Explosives/Bombs/Dynamite,28
6/26/15,Firearms,8
6/26/15,Incendiary,2
6/26/15,Melee,2
6/26/15,Unknown,5
6/27/15,Explosives/Bombs/Dynamite,18
6/27/15,Firearms,2
6/27/15,Incendiary,2
6/27/15,Unknown,1
6/28/15,Explosives/Bombs/Dynamite,18
6/28/15,Firearms,9
6/28/15,Incendiary,3
6/28/15,Melee,3
6/28/15,Unknown,9
6/29/15,Explosives/Bombs/Dynamite,22
6/29/15,Firearms,13
6/29/15,Incendiary,1
6/29/15,Melee,2
6/29/15,Unknown,4
6/30/15,Explosives/Bombs/Dynamite,36
6/30/15,Firearms,13
6/30/15,Melee,1
6/30/15,Unknown,5
6/30/15,"Vehicle (not to include vehicle-borne explosives, i.e., car or truck bombs)",2
7/1/15,Explosives/Bombs/Dynamite,22
7/1/15,Firearms,15
7/1/15,Incendiary,1
7/1/15,Melee,1
7/1/15,Unknown,2
7/2/15,Explosives/Bombs/Dynamite,25
7/2/15,Firearms,22
7/2/15,Incendiary,1
7/2/15,Unknown,10
7/3/15,Explosives/Bombs/Dynamite,25
7/3/15,Firearms,7
7/3/15,Unknown,4
7/4/15,Chemical,1
7/4/15,Explosives/Bombs/Dynamite,37
7/4/15,Firearms,11
7/4/15,Incendiary,1
7/4/15,Unknown,6
7/5/15,Explosives/Bombs/Dynamite,28
7/5/15,Firearms,13
7/5/15,Unknown,7
7/6/15,Explosives/Bombs/Dynamite,27
7/6/15,Firearms,13
7/6/15,Sabotage Equipment,1
7/6/15,Unknown,2
7/7/15,Explosives/Bombs/Dynamite,32
7/7/15,Firearms,10
7/7/15,Melee,1
7/7/15,Unknown,2
7/8/15,Explosives/Bombs/Dynamite,16
7/8/15,Firearms,5
7/8/15,Incendiary,1
7/8/15,Unknown,2
7/9/15,Explosives/Bombs/Dynamite,24
7/9/15,Firearms,6
7/9/15,Melee,2
7/9/15,Unknown,8
7/10/15,Explosives/Bombs/Dynamite,23
7/10/15,Firearms,10
7/10/15,Melee,1
7/10/15,Unknown,7
7/11/15,Explosives/Bombs/Dynamite,31
7/11/15,Firearms,10
7/11/15,Incendiary,1
7/11/15,Unknown,4
7/12/15,Explosives/Bombs/Dynamite,32
7/12/15,Firearms,8
7/12/15,Incendiary,6
7/12/15,Unknown,2
7/13/15,Explosives/Bombs/Dynamite,22
7/13/15,Firearms,13
7/13/15,Incendiary,3
7/13/15,Melee,4
7/13/15,Unknown,4
7/14/15,Explosives/Bombs/Dynamite,24
7/14/15,Firearms,20
7/14/15,Incendiary,1
7/14/15,Unknown,2
7/15/15,Explosives/Bombs/Dynamite,20
7/15/15,Firearms,8
7/15/15,Incendiary,3
7/15/15,Melee,2
7/15/15,Unknown,2
7/16/15,Explosives/Bombs/Dynamite,24
7/16/15,Firearms,12
7/16/15,Incendiary,1
7/16/15,Unknown,3
7/17/15,Explosives/Bombs/Dynamite,21
7/17/15,Firearms,7
7/17/15,Incendiary,4
7/17/15,Unknown,1
7/18/15,Explosives/Bombs/Dynamite,10
7/18/15,Firearms,4
7/18/15,Unknown,2
7/19/15,Explosives/Bombs/Dynamite,23
7/19/15,Firearms,10
7/19/15,Incendiary,1
7/19/15,Unknown,2
7/20/15,Explosives/Bombs/Dynamite,17
7/20/15,Firearms,21
7/20/15,Incendiary,6
7/20/15,Unknown,2
7/21/15,Explosives/Bombs/Dynamite,27
7/21/15,Firearms,12
7/21/15,Incendiary,1
7/21/15,Melee,1
7/21/15,Unknown,5
7/22/15,Explosives/Bombs/Dynamite,21
7/22/15,Firearms,14
7/22/15,Incendiary,2
7/22/15,Melee,1
7/23/15,Explosives/Bombs/Dynamite,28
7/23/15,Firearms,6
7/23/15,Unknown,3
7/24/15,Explosives/Bombs/Dynamite,13
7/24/15,Firearms,10
7/24/15,Incendiary,2
7/24/15,Unknown,5
7/25/15,Explosives/Bombs/Dynamite,24
7/25/15,Firearms,18
7/25/15,Incendiary,2
7/25/15,Melee,1
7/25/15,Unknown,9
7/26/15,Explosives/Bombs/Dynamite,18
7/26/15,Firearms,11
7/26/15,Incendiary,5
7/26/15,Unknown,2
7/27/15,Explosives/Bombs/Dynamite,30
7/27/15,Firearms,16
7/27/15,Incendiary,3
7/27/15,Melee,3
7/27/15,Unknown,6
7/28/15,Explosives/Bombs/Dynamite,14
7/28/15,Firearms,6
7/28/15,Incendiary,1
7/28/15,Melee,1
7/28/15,Unknown,7
7/29/15,Explosives/Bombs/Dynamite,19
7/29/15,Firearms,10
7/29/15,Incendiary,1
7/29/15,Melee,1
7/29/15,Unknown,3
7/30/15,Explosives/Bombs/Dynamite,17
7/30/15,Firearms,6
7/30/15,Melee,1
7/30/15,Unknown,1
7/31/15,Explosives/Bombs/Dynamite,15
7/31/15,Firearms,12
7/31/15,Incendiary,3
7/31/15,Melee,1
7/31/15,Unknown,12
8/1/15,Explosives/Bombs/Dynamite,16
8/1/15,Firearms,9
8/1/15,Incendiary,8
8/1/15,Unknown,2
8/2/15,Explosives/Bombs/Dynamite,16
8/2/15,Firearms,13
8/2/15,Incendiary,3
8/2/15,Unknown,8
8/3/15,Explosives/Bombs/Dynamite,27
8/3/15,Firearms,17
8/3/15,Incendiary,4
8/3/15,Unknown,4
8/4/15,Explosives/Bombs/Dynamite,19
8/4/15,Firearms,14
8/4/15,Incendiary,3
8/4/15,Melee,1
8/4/15,Unknown,7
8/5/15,Explosives/Bombs/Dynamite,24
8/5/15,Firearms,5
8/5/15,Incendiary,5
8/5/15,Unknown,8
8/6/15,Explosives/Bombs/Dynamite,18
8/6/15,Firearms,8
8/6/15,Incendiary,1
8/6/15,Unknown,5
8/6/15,"Vehicle (not to include vehicle-borne explosives, i.e., car or truck bombs)",1
8/7/15,Explosives/Bombs/Dynamite,16
8/7/15,Firearms,9
8/7/15,Melee,2
8/7/15,Unknown,13
8/8/15,Explosives/Bombs/Dynamite,23
8/8/15,Firearms,11
8/8/15,Incendiary,1
8/8/15,Melee,1
8/8/15,Other,1
8/8/15,Unknown,3
8/9/15,Explosives/Bombs/Dynamite,16
8/9/15,Firearms,11
8/9/15,Incendiary,2
8/9/15,Melee,2
8/9/15,Unknown,4
8/10/15,Explosives/Bombs/Dynamite,32
8/10/15,Firearms,11
8/10/15,Incendiary,1
8/10/15,Melee,1
8/10/15,Unknown,4
8/11/15,Explosives/Bombs/Dynamite,24
8/11/15,Firearms,10
8/11/15,Incendiary,2
8/11/15,Unknown,6
8/12/15,Explosives/Bombs/Dynamite,31
8/12/15,Firearms,12
8/12/15,Incendiary,2
8/12/15,Unknown,3
8/13/15,Explosives/Bombs/Dynamite,21
8/13/15,Firearms,12
8/13/15,Incendiary,3
8/13/15,Melee,3
8/13/15,Unknown,1
8/14/15,Explosives/Bombs/Dynamite,18
8/14/15,Firearms,11
8/14/15,Incendiary,5
8/14/15,Melee,1
8/14/15,Unknown,3
8/15/15,Explosives/Bombs/Dynamite,24
8/15/15,Firearms,13
8/15/15,Melee,3
8/15/15,Unknown,2
8/16/15,Explosives/Bombs/Dynamite,23
8/16/15,Firearms,12
8/16/15,Incendiary,2
8/17/15,Explosives/Bombs/Dynamite,20
8/17/15,Firearms,10
8/17/15,Incendiary,1
8/17/15,Melee,2
8/17/15,Unknown,3
8/18/15,Explosives/Bombs/Dynamite,14
8/18/15,Firearms,11
8/18/15,Incendiary,2
8/18/15,Unknown,8
8/19/15,Chemical,1
8/19/15,Explosives/Bombs/Dynamite,18
8/19/15,Firearms,10
8/19/15,Unknown,10
8/20/15,Explosives/Bombs/Dynamite,17
8/20/15,Firearms,9
8/20/15,Incendiary,3
8/20/15,Melee,2
8/20/15,Unknown,1
8/20/15,"Vehicle (not to include vehicle-borne explosives, i.e., car or truck bombs)",1
8/21/15,Explosives/Bombs/Dynamite,16
8/21/15,Firearms,8
8/21/15,Incendiary,1
8/21/15,Unknown,5
8/22/15,Explosives/Bombs/Dynamite,42
8/22/15,Firearms,9
8/22/15,Incendiary,5
8/22/15,Melee,1
8/22/15,Unknown,3
8/23/15,Explosives/Bombs/Dynamite,32
8/23/15,Firearms,16
8/23/15,Incendiary,2
8/23/15,Melee,1
8/23/15,Unknown,6
8/24/15,Explosives/Bombs/Dynamite,26
8/24/15,Firearms,6
8/24/15,Incendiary,3
8/24/15,Melee,1
8/24/15,Unknown,2
8/25/15,Explosives/Bombs/Dynamite,27
8/25/15,Firearms,10
8/25/15,Incendiary,1
8/25/15,Melee,1
8/25/15,Unknown,10
8/26/15,Explosives/Bombs/Dynamite,36
8/26/15,Firearms,8
8/26/15,Incendiary,2
8/26/15,Melee,3
8/27/15,Explosives/Bombs/Dynamite,25
8/27/15,Firearms,11
8/27/15,Incendiary,1
8/27/15,Unknown,4
8/28/15,Explosives/Bombs/Dynamite,16
8/28/15,Firearms,12
8/28/15,Incendiary,2
8/28/15,Unknown,4
8/29/15,Explosives/Bombs/Dynamite,22
8/29/15,Firearms,4
8/29/15,Incendiary,1
8/29/15,Other,1
8/29/15,Unknown,3
8/29/15,"Vehicle (not to include vehicle-borne explosives, i.e., car or truck bombs)",1
8/30/15,Explosives/Bombs/Dynamite,26
8/30/15,Firearms,16
8/30/15,Incendiary,2
8/30/15,Melee,1
8/30/15,Unknown,1
8/31/15,Chemical,1
8/31/15,Explosives/Bombs/Dynamite,20
8/31/15,Firearms,9
8/31/15,Incendiary,10
8/31/15,Melee,2
8/31/15,Unknown,3
9/1/15,Explosives/Bombs/Dynamite,19
9/1/15,Firearms,15
9/1/15,Incendiary,1
9/2/15,Chemical,1
9/2/15,Explosives/Bombs/Dynamite,17
9/2/15,Firearms,9
9/2/15,Incendiary,4
9/2/15,Unknown,4
9/3/15,Chemical,1
9/3/15,Explosives/Bombs/Dynamite,14
9/3/15,Firearms,8
9/3/15,Incendiary,5
9/3/15,Unknown,5
9/4/15,Explosives/Bombs/Dynamite,22
9/4/15,Firearms,10
9/4/15,Incendiary,2
9/4/15,Melee,1
9/5/15,Chemical,1
9/5/15,Explosives/Bombs/Dynamite,16
9/5/15,Firearms,17
9/5/15,Incendiary,1
9/5/15,Melee,2
9/5/15,Unknown,9
9/6/15,Explosives/Bombs/Dynamite,15
9/6/15,Firearms,7
9/6/15,Melee,1
9/6/15,Unknown,2
9/7/15,Chemical,1
9/7/15,Explosives/Bombs/Dynamite,18
9/7/15,Firearms,15
9/7/15,Incendiary,3
9/7/15,Melee,1
9/7/15,Unknown,7
9/8/15,Chemical,3
9/8/15,Explosives/Bombs/Dynamite,16
9/8/15,Firearms,13
9/8/15,Melee,1
9/8/15,Unknown,9
9/9/15,Explosives/Bombs/Dynamite,34
9/9/15,Firearms,11
9/9/15,Incendiary,3
9/9/15,Melee,2
9/9/15,Unknown,11
9/10/15,Explosives/Bombs/Dynamite,17
9/10/15,Firearms,7
9/10/15,Incendiary,3
9/10/15,Unknown,3
9/11/15,Explosives/Bombs/Dynamite,25
9/11/15,Firearms,8
9/11/15,Incendiary,3
9/11/15,Melee,2
9/11/15,Unknown,3
9/12/15,Explosives/Bombs/Dynamite,12
9/12/15,Firearms,14
9/12/15,Incendiary,2
9/12/15,Melee,1
9/12/15,Unknown,1
9/13/15,Explosives/Bombs/Dynamite,21
9/13/15,Firearms,10
9/13/15,Incendiary,5
9/13/15,Melee,1
9/13/15,Unknown,3
9/14/15,Explosives/Bombs/Dynamite,28
9/14/15,Firearms,19
9/14/15,Incendiary,1
9/14/15,Unknown,5
9/15/15,Explosives/Bombs/Dynamite,23
9/15/15,Firearms,5
9/15/15,Incendiary,2
9/15/15,Unknown,8
9/16/15,Explosives/Bombs/Dynamite,20
9/16/15,Firearms,6
9/16/15,Incendiary,5
9/16/15,Melee,1
9/16/15,Unknown,7
9/17/15,Explosives/Bombs/Dynamite,18
9/17/15,Firearms,4
9/17/15,Incendiary,5
9/17/15,Melee,1
9/17/15,Unknown,3
9/18/15,Chemical,1
9/18/15,Explosives/Bombs/Dynamite,20
9/18/15,Firearms,11
9/18/15,Incendiary,1
9/18/15,Melee,1
9/18/15,Unknown,5
9/19/15,Explosives/Bombs/Dynamite,26
9/19/15,Firearms,5
9/19/15,Incendiary,4
9/19/15,Melee,1
9/19/15,Unknown,4
9/20/15,Explosives/Bombs/Dynamite,28
9/20/15,Firearms,11
9/20/15,Incendiary,3
9/20/15,Unknown,2
9/21/15,Explosives/Bombs/Dynamite,23
9/21/15,Firearms,10
9/21/15,Incendiary,3
9/21/15,Other,1
9/21/15,Unknown,3
9/22/15,Explosives/Bombs/Dynamite,18
9/22/15,Firearms,6
9/22/15,Incendiary,1
9/22/15,Melee,2
9/22/15,Unknown,5
9/23/15,Explosives/Bombs/Dynamite,15
9/23/15,Firearms,12
9/23/15,Incendiary,6
9/23/15,Unknown,4
9/24/15,Explosives/Bombs/Dynamite,10
9/24/15,Firearms,14
9/24/15,Incendiary,2
9/24/15,Unknown,3
9/25/15,Explosives/Bombs/Dynamite,5
9/25/15,Firearms,4
9/25/15,Melee,1
9/25/15,Unknown,1
9/26/15,Explosives/Bombs/Dynamite,20
9/26/15,Firearms,3
9/26/15,Incendiary,2
9/26/15,Unknown,5
9/27/15,Explosives/Bombs/Dynamite,13
9/27/15,Firearms,17
9/28/15,Explosives/Bombs/Dynamite,13
9/28/15,Firearms,13
9/28/15,Incendiary,2
9/28/15,Melee,2
9/28/15,Unknown,2
9/29/15,Explosives/Bombs/Dynamite,12
9/29/15,Firearms,14
9/29/15,Incendiary,1
9/29/15,Melee,1
9/29/15,Unknown,6
9/30/15,Explosives/Bombs/Dynamite,17
9/30/15,Firearms,10
9/30/15,Incendiary,2
9/30/15,Unknown,9
9/30/15,"Vehicle (not to include vehicle-borne explosives, i.e., car or truck bombs)",1
10/1/15,Explosives/Bombs/Dynamite,18
10/1/15,Firearms,14
10/1/15,Incendiary,1
10/1/15,Melee,1
10/1/15,Unknown,5
10/2/15,Explosives/Bombs/Dynamite,11
10/2/15,Firearms,6
10/2/15,Incendiary,2
10/2/15,Melee,1
10/2/15,Unknown,3
10/3/15,Explosives/Bombs/Dynamite,19
10/3/15,Firearms,18
10/3/15,Incendiary,2
10/3/15,Melee,2
10/3/15,Unknown,5
10/4/15,Explosives/Bombs/Dynamite,24
10/4/15,Firearms,10
10/4/15,Melee,2
10/4/15,Unknown,7
10/5/15,Explosives/Bombs/Dynamite,21
10/5/15,Firearms,7
10/5/15,Incendiary,2
10/5/15,Melee,3
10/5/15,Unknown,3
10/6/15,Explosives/Bombs/Dynamite,16
10/6/15,Firearms,6
10/6/15,Incendiary,1
10/6/15,Unknown,6
10/7/15,Explosives/Bombs/Dynamite,24
10/7/15,Firearms,19
10/7/15,Incendiary,2
10/7/15,Melee,4
10/7/15,Unknown,4
10/7/15,"Vehicle (not to include vehicle-borne explosives, i.e., car or truck bombs)",1
10/8/15,Explosives/Bombs/Dynamite,22
10/8/15,Firearms,14
10/8/15,Melee,6
10/8/15,Unknown,6
10/9/15,Explosives/Bombs/Dynamite,14
10/9/15,Firearms,13
10/9/15,Incendiary,3
10/9/15,Melee,4
10/9/15,Unknown,4
10/10/15,Explosives/Bombs/Dynamite,30
10/10/15,Firearms,6
10/10/15,Incendiary,1
10/10/15,Melee,2
10/10/15,Unknown,2
10/11/15,Chemical,1
10/11/15,Explosives/Bombs/Dynamite,14
10/11/15,Firearms,5
10/11/15,Incendiary,3
10/11/15,Melee,2
10/11/15,Unknown,1
10/12/15,Explosives/Bombs/Dynamite,27
10/12/15,Firearms,19
10/12/15,Incendiary,2
10/12/15,Melee,4
10/12/15,Unknown,5
10/13/15,Explosives/Bombs/Dynamite,27
10/13/15,Firearms,7
10/13/15,Incendiary,6
10/13/15,Melee,5
10/13/15,Unknown,1
10/14/15,Explosives/Bombs/Dynamite,18
10/14/15,Firearms,3
10/14/15,Melee,3
10/14/15,Unknown,4
10/15/15,Explosives/Bombs/Dynamite,30
10/15/15,Firearms,8
10/15/15,Incendiary,3
10/15/15,Unknown,4
10/16/15,Explosives/Bombs/Dynamite,21
10/16/15,Firearms,15
10/16/15,Incendiary,3
10/16/15,Melee,2
10/16/15,Unknown,2
10/17/15,Explosives/Bombs/Dynamite,18
10/17/15,Firearms,18
10/17/15,Incendiary,1
10/17/15,Melee,6
10/17/15,Unknown,3
10/18/15,Explosives/Bombs/Dynamite,21
10/18/15,Firearms,16
10/18/15,Incendiary,2
10/18/15,Unknown,8
10/19/15,Explosives/Bombs/Dynamite,30
10/19/15,Firearms,9
10/19/15,Unknown,1
10/20/15,Explosives/Bombs/Dynamite,26
10/20/15,Firearms,6
10/20/15,Incendiary,2
10/20/15,Melee,3
10/20/15,Unknown,1
10/21/15,Explosives/Bombs/Dynamite,17
10/21/15,Firearms,7
10/21/15,Incendiary,4
10/21/15,Melee,4
10/21/15,Unknown,2
10/21/15,"Vehicle (not to include vehicle-borne explosives, i.e., car or truck bombs)",2
10/22/15,Explosives/Bombs/Dynamite,13
10/22/15,Firearms,6
10/22/15,Incendiary,1
10/22/15,Melee,4
10/22/15,Unknown,1
10/23/15,Explosives/Bombs/Dynamite,27
10/23/15,Firearms,5
10/23/15,Incendiary,5
10/23/15,Melee,3
10/23/15,Other,1
10/23/15,Unknown,2
10/24/15,Explosives/Bombs/Dynamite,14
10/24/15,Firearms,9
10/24/15,Incendiary,8
10/24/15,Melee,4
10/24/15,Other,1
10/24/15,Unknown,2
10/25/15,Explosives/Bombs/Dynamite,23
10/25/15,Firearms,4
10/25/15,Incendiary,2
10/25/15,Melee,4
10/25/15,Unknown,4
10/26/15,Explosives/Bombs/Dynamite,19
10/26/15,Firearms,12
10/26/15,Incendiary,4
10/26/15,Melee,3
10/26/15,Unknown,4
10/27/15,Explosives/Bombs/Dynamite,24
10/27/15,Firearms,8
10/27/15,Incendiary,1
10/27/15,Melee,2
10/27/15,Unknown,8
10/28/15,Explosives/Bombs/Dynamite,22
10/28/15,Firearms,9
10/28/15,Incendiary,4
10/28/15,Melee,3
10/28/15,Unknown,4
10/29/15,Explosives/Bombs/Dynamite,34
10/29/15,Firearms,9
10/29/15,Incendiary,5
10/29/15,Melee,3
10/29/15,Unknown,3
10/30/15,Explosives/Bombs/Dynamite,25
10/30/15,Firearms,8
10/30/15,Incendiary,1
10/30/15,Melee,4
10/30/15,Unknown,4
10/31/15,Explosives/Bombs/Dynamite,24
10/31/15,Firearms,19
10/31/15,Melee,4
10/31/15,Unknown,2
11/1/15,Explosives/Bombs/Dynamite,24
11/1/15,Firearms,10
11/1/15,Unknown,10
11/1/15,"Vehicle (not to include vehicle-borne explosives, i.e., car or truck bombs)",1
11/2/15,Explosives/Bombs/Dynamite,16
11/2/15,Firearms,14
11/2/15,Incendiary,1
11/2/15,Melee,4
11/2/15,Unknown,2
11/3/15,Explosives/Bombs/Dynamite,17
11/3/15,Firearms,8
11/3/15,Incendiary,1
11/3/15,Unknown,5
11/4/15,Explosives/Bombs/Dynamite,13
11/4/15,Firearms,10
11/4/15,Incendiary,2
11/4/15,Melee,2
11/4/15,Unknown,5
11/4/15,"Vehicle (not to include vehicle-borne explosives, i.e., car or truck bombs)",1
11/5/15,Explosives/Bombs/Dynamite,24
11/5/15,Firearms,7
11/5/15,Incendiary,1
11/5/15,Melee,3
11/5/15,Unknown,1
11/6/15,Explosives/Bombs/Dynamite,17
11/6/15,Firearms,14
11/6/15,Incendiary,1
11/6/15,Melee,2
11/6/15,Unknown,2
11/6/15,"Vehicle (not to include vehicle-borne explosives, i.e., car or truck bombs)",1
11/7/15,Explosives/Bombs/Dynamite,16
11/7/15,Firearms,3
11/7/15,Incendiary,2
11/7/15,Melee,1
11/7/15,Unknown,3
11/8/15,Explosives/Bombs/Dynamite,21
11/8/15,Firearms,11
11/8/15,Incendiary,2
11/8/15,Melee,2
11/8/15,Unknown,4
11/8/15,"Vehicle (not to include vehicle-borne explosives, i.e., car or truck bombs)",1
11/9/15,Explosives/Bombs/Dynamite,29
11/9/15,Firearms,9
11/9/15,Melee,2
11/9/15,Unknown,5
11/10/15,Explosives/Bombs/Dynamite,26
11/10/15,Firearms,9
11/10/15,Incendiary,1
11/10/15,Melee,5
11/10/15,Unknown,5
11/11/15,Explosives/Bombs/Dynamite,19
11/11/15,Firearms,10
11/11/15,Melee,1
11/11/15,Unknown,6
11/12/15,Explosives/Bombs/Dynamite,13
11/12/15,Firearms,8
11/12/15,Incendiary,1
11/12/15,Melee,6
11/12/15,Unknown,5
11/13/15,Explosives/Bombs/Dynamite,35
11/13/15,Firearms,11
11/13/15,Melee,1
11/13/15,Unknown,12
11/14/15,Explosives/Bombs/Dynamite,26
11/14/15,Firearms,7
11/14/15,Incendiary,4
11/14/15,Melee,1
11/14/15,Unknown,6
11/14/15,"Vehicle (not to include vehicle-borne explosives, i.e., car or truck bombs)",1
11/15/15,Explosives/Bombs/Dynamite,24
11/15/15,Firearms,11
11/15/15,Melee,1
11/15/15,Unknown,4
11/16/15,Explosives/Bombs/Dynamite,15
11/16/15,Firearms,3
11/16/15,Incendiary,1
11/16/15,Melee,2
11/16/15,Unknown,2
11/17/15,Explosives/Bombs/Dynamite,13
11/17/15,Firearms,14
11/17/15,Incendiary,2
11/17/15,Melee,3
11/17/15,Unknown,9
11/18/15,Explosives/Bombs/Dynamite,20
11/18/15,Firearms,12
11/18/15,Incendiary,1
11/18/15,Melee,1
11/18/15,Unknown,6
11/19/15,Explosives/Bombs/Dynamite,21
11/19/15,Firearms,7
11/19/15,Incendiary,1
11/19/15,Melee,2
11/19/15,Unknown,8
11/20/15,Explosives/Bombs/Dynamite,17
11/20/15,Firearms,11
11/20/15,Incendiary,1
11/20/15,Melee,2
11/20/15,Unknown,3
11/20/15,"Vehicle (not to include vehicle-borne explosives, i.e., car or truck bombs)",1
11/21/15,Explosives/Bombs/Dynamite,26
11/21/15,Firearms,6
11/21/15,Incendiary,4
11/21/15,Melee,4
11/21/15,Unknown,9
11/22/15,Explosives/Bombs/Dynamite,15
11/22/15,Firearms,9
11/22/15,Incendiary,2
11/22/15,Melee,3
11/22/15,Unknown,6
11/23/15,Explosives/Bombs/Dynamite,34
11/23/15,Firearms,11
11/23/15,Incendiary,3
11/23/15,Melee,3
11/23/15,Unknown,4
11/23/15,"Vehicle (not to include vehicle-borne explosives, i.e., car or truck bombs)",1
11/24/15,Explosives/Bombs/Dynamite,22
11/24/15,Firearms,15
11/24/15,Incendiary,3
11/24/15,Melee,1
11/24/15,Unknown,5
11/24/15,"Vehicle (not to include vehicle-borne explosives, i.e., car or truck bombs)",1
11/25/15,Explosives/Bombs/Dynamite,14
11/25/15,Firearms,6
11/25/15,Incendiary,1
11/25/15,Melee,1
11/25/15,Unknown,3
11/26/15,Explosives/Bombs/Dynamite,15
11/26/15,Firearms,11
11/26/15,Incendiary,1
11/26/15,Melee,1
11/26/15,Unknown,3
11/27/15,Explosives/Bombs/Dynamite,17
11/27/15,Firearms,7
11/27/15,Incendiary,4
11/27/15,Melee,2
11/27/15,Unknown,3
11/27/15,"Vehicle (not to include vehicle-borne explosives, i.e., car or truck bombs)",2
11/28/15,Explosives/Bombs/Dynamite,21
11/28/15,Firearms,11
11/28/15,Incendiary,2
11/28/15,Melee,3
11/28/15,Unknown,4
11/29/15,Explosives/Bombs/Dynamite,14
11/29/15,Firearms,7
11/29/15,Incendiary,4
11/29/15,Melee,2
11/29/15,Unknown,6
11/30/15,Explosives/Bombs/Dynamite,22
11/30/15,Firearms,18
11/30/15,Unknown,6
12/1/15,Explosives/Bombs/Dynamite,22
12/1/15,Firearms,7
12/1/15,Incendiary,1
12/1/15,Melee,2
12/2/15,Explosives/Bombs/Dynamite,19
12/2/15,Firearms,7
12/2/15,Incendiary,3
12/2/15,Melee,1
12/2/15,Unknown,3
12/3/15,Explosives/Bombs/Dynamite,20
12/3/15,Firearms,9
12/3/15,Incendiary,5
12/3/15,Melee,1
12/3/15,Unknown,2
12/4/15,Explosives/Bombs/Dynamite,21
12/4/15,Firearms,6
12/4/15,Incendiary,2
12/4/15,Melee,2
12/4/15,Unknown,4
12/4/15,"Vehicle (not to include vehicle-borne explosives, i.e., car or truck bombs)",1
12/5/15,Explosives/Bombs/Dynamite,17
12/5/15,Firearms,7
12/5/15,Melee,2
12/5/15,Unknown,1
12/6/15,Explosives/Bombs/Dynamite,13
12/6/15,Firearms,5
12/6/15,Incendiary,2
12/6/15,Melee,3
12/6/15,Unknown,2
12/7/15,Explosives/Bombs/Dynamite,16
12/7/15,Firearms,6
12/7/15,Incendiary,2
12/7/15,Melee,1
12/7/15,Unknown,2
12/8/15,Explosives/Bombs/Dynamite,14
12/8/15,Firearms,9
12/8/15,Incendiary,1
12/8/15,Other,1
12/8/15,Unknown,2
12/9/15,Explosives/Bombs/Dynamite,16
12/9/15,Firearms,7
12/9/15,Incendiary,3
12/9/15,Melee,3
12/9/15,Unknown,2
12/10/15,Explosives/Bombs/Dynamite,24
12/10/15,Firearms,9
12/10/15,Incendiary,2
12/10/15,Melee,1
12/10/15,Unknown,3
12/10/15,"Vehicle (not to include vehicle-borne explosives, i.e., car or truck bombs)",1
12/11/15,Explosives/Bombs/Dynamite,10
12/11/15,Firearms,15
12/11/15,Incendiary,1
12/11/15,Melee,1
12/11/15,Unknown,4
12/11/15,"Vehicle (not to include vehicle-borne explosives, i.e., car or truck bombs)",1
12/12/15,Explosives/Bombs/Dynamite,18
12/12/15,Firearms,10
12/12/15,Incendiary,3
12/12/15,Melee,1
12/13/15,Explosives/Bombs/Dynamite,19
12/13/15,Firearms,12
12/13/15,Incendiary,3
12/13/15,Melee,3
12/13/15,Unknown,3
12/14/15,Explosives/Bombs/Dynamite,13
12/14/15,Firearms,8
12/14/15,Incendiary,1
12/14/15,Melee,1
12/14/15,Unknown,2
12/14/15,"Vehicle (not to include vehicle-borne explosives, i.e., car or truck bombs)",1
12/15/15,Explosives/Bombs/Dynamite,19
12/15/15,Firearms,10
12/15/15,Incendiary,10
12/15/15,Melee,2
12/15/15,Unknown,6
12/16/15,Explosives/Bombs/Dynamite,17
12/16/15,Firearms,12
12/16/15,Incendiary,1
12/16/15,Melee,1
12/16/15,Unknown,6
12/17/15,Explosives/Bombs/Dynamite,26
12/17/15,Firearms,6
12/17/15,Incendiary,2
12/17/15,Melee,1
12/17/15,Unknown,7
12/18/15,Explosives/Bombs/Dynamite,17
12/18/15,Firearms,7
12/18/15,Incendiary,1
12/18/15,Unknown,3
12/18/15,"Vehicle (not to include vehicle-borne explosives, i.e., car or truck bombs)",2
12/19/15,Explosives/Bombs/Dynamite,17
12/19/15,Firearms,9
12/19/15,Incendiary,1
12/19/15,Melee,1
12/19/15,Unknown,1
12/20/15,Explosives/Bombs/Dynamite,18
12/20/15,Firearms,5
12/20/15,Incendiary,1
12/20/15,Melee,2
12/20/15,Unknown,5
12/21/15,Explosives/Bombs/Dynamite,26
12/21/15,Firearms,7
12/21/15,Incendiary,1
12/21/15,Melee,2
12/21/15,Unknown,3
12/22/15,Chemical,1
12/22/15,Explosives/Bombs/Dynamite,25
12/22/15,Firearms,9
12/22/15,Incendiary,1
12/22/15,Unknown,3
12/23/15,Explosives/Bombs/Dynamite,20
12/23/15,Firearms,9
12/23/15,Melee,2
12/23/15,Unknown,3
12/24/15,Explosives/Bombs/Dynamite,20
12/24/15,Firearms,8
12/24/15,Incendiary,4
12/24/15,Melee,8
12/24/15,Unknown,3
12/24/15,"Vehicle (not to include vehicle-borne explosives, i.e., car or truck bombs)",1
12/25/15,Explosives/Bombs/Dynamite,20
12/25/15,Firearms,11
12/25/15,Incendiary,1
12/25/15,Unknown,4
12/25/15,"Vehicle (not to include vehicle-borne explosives, i.e., car or truck bombs)",1
12/26/15,Explosives/Bombs/Dynamite,18
12/26/15,Firearms,9
12/26/15,Incendiary,2
12/26/15,Melee,1
12/26/15,Unknown,1
12/26/15,"Vehicle (not to include vehicle-borne explosives, i.e., car or truck bombs)",1
12/27/15,Explosives/Bombs/Dynamite,20
12/27/15,Firearms,11
12/27/15,Incendiary,2
12/27/15,Melee,4
12/27/15,Unknown,13
12/28/15,Explosives/Bombs/Dynamite,36
12/28/15,Firearms,6
12/28/15,Incendiary,1
12/28/15,Melee,1
12/28/15,Unknown,1
12/29/15,Explosives/Bombs/Dynamite,18
12/29/15,Firearms,15
12/29/15,Incendiary,2
12/29/15,Unknown,1
12/30/15,Explosives/Bombs/Dynamite,16
12/30/15,Firearms,5
12/30/15,Unknown,2
12/31/15,Explosives/Bombs/Dynamite,21
12/31/15,Firearms,7
12/31/15,Incendiary,1
12/31/15,Unknown,1
12/31/15,"Vehicle (not to include vehicle-borne explosives, i.e., car or truck bombs)",1